,Param Level,Precision,Recall,FPR,Fbeta
0,1e-06,0.06014418125643666,1.0,0.5335594013096352,0.07406655844155843
1,2.5e-06,0.21372688477951635,1.0,0.2682275870435521,0.2536078994007933
2,5e-06,0.6009209516500383,1.0,0.06450812554273663,0.653044203502919
3,7.5e-06,0.7730870712401056,0.5341841385597083,0.022202142764941268,0.7096149188665536
